Datetime,AAPL,GOOG,NVDA
2025-01-03 14:30:00+00:00,242.8802032470703,193.2100067138672,140.42990112304688
2025-01-03 14:31:00+00:00,242.4477996826172,193.3531951904297,141.1300048828125
2025-01-03 14:32:00+00:00,242.50010681152344,193.6699981689453,141.4001007080078
2025-01-03 14:33:00+00:00,242.92869567871094,193.9499969482422,141.5500030517578
2025-01-03 14:34:00+00:00,242.5,193.4499969482422,141.0399932861328
2025-01-03 14:35:00+00:00,242.02000427246094,193.4375,141.1381072998047
2025-01-03 14:36:00+00:00,242.4499969482422,193.3551025390625,141.14999389648438
2025-01-03 14:37:00+00:00,242.3000030517578,193.52000427246094,141.66000366210938
2025-01-03 14:38:00+00:00,242.61000061035156,193.69000244140625,141.7100067138672
2025-01-03 14:39:00+00:00,243.18499755859375,194.27000427246094,142.13499450683594
2025-01-03 14:40:00+00:00,243.16400146484375,194.1999969482422,142.1501007080078
2025-01-03 14:41:00+00:00,243.1750030517578,193.7449951171875,142.27000427246094
2025-01-03 14:42:00+00:00,243.2200927734375,193.79800415039062,142.4499969482422
2025-01-03 14:43:00+00:00,243.83999633789062,194.10000610351562,142.5709991455078
2025-01-03 14:44:00+00:00,243.88999938964844,193.92999267578125,142.77749633789062
2025-01-03 14:45:00+00:00,243.9199981689453,193.8300018310547,143.1497039794922
2025-01-03 14:46:00+00:00,243.8000030517578,193.5449981689453,143.1699981689453
2025-01-03 14:47:00+00:00,243.3800048828125,193.32000732421875,142.63999938964844
2025-01-03 14:48:00+00:00,243.14999389648438,193.25999450683594,142.5500030517578
2025-01-03 14:49:00+00:00,242.74000549316406,193.07000732421875,142.78919982910156
2025-01-03 14:50:00+00:00,243.1199951171875,193.36000061035156,143.2991943359375
2025-01-03 14:51:00+00:00,242.44500732421875,192.5500030517578,142.5240020751953
2025-01-03 14:52:00+00:00,242.8061065673828,192.80999755859375,142.8800048828125
2025-01-03 14:53:00+00:00,243.0,193.10499572753906,143.18600463867188
2025-01-03 14:54:00+00:00,242.6300048828125,192.83999633789062,143.08999633789062
2025-01-03 14:55:00+00:00,242.6699981689453,192.67999267578125,143.5500030517578
2025-01-03 14:56:00+00:00,242.77999877929688,192.77499389648438,143.72000122070312
2025-01-03 14:57:00+00:00,242.5399932861328,192.64999389648438,143.73019409179688
2025-01-03 14:58:00+00:00,242.85400390625,192.77999877929688,143.91920471191406
2025-01-03 14:59:00+00:00,243.09500122070312,192.84500122070312,143.92999267578125
2025-01-03 15:00:00+00:00,242.99000549316406,192.53109741210938,143.50999450683594
2025-01-03 15:01:00+00:00,243.0,192.16000366210938,143.30479431152344
2025-01-03 15:02:00+00:00,243.08999633789062,192.52000427246094,143.56210327148438
2025-01-03 15:03:00+00:00,243.45150756835938,192.63999938964844,143.75999450683594
2025-01-03 15:04:00+00:00,243.97189331054688,193.11000061035156,143.94000244140625
2025-01-03 15:05:00+00:00,243.75149536132812,193.21730041503906,143.98500061035156
2025-01-03 15:06:00+00:00,243.77870178222656,192.97000122070312,143.74200439453125
2025-01-03 15:07:00+00:00,243.60000610351562,192.61500549316406,143.7449951171875
2025-01-03 15:08:00+00:00,243.75,192.77000427246094,143.99009704589844
2025-01-03 15:09:00+00:00,243.8800048828125,192.72000122070312,143.8157958984375
2025-01-03 15:10:00+00:00,243.77609252929688,192.71499633789062,143.83999633789062
2025-01-03 15:11:00+00:00,243.36500549316406,192.36000061035156,143.7028045654297
2025-01-03 15:12:00+00:00,243.3300018310547,192.375,143.52110290527344
2025-01-03 15:13:00+00:00,243.35110473632812,192.41000366210938,143.4600067138672
2025-01-03 15:14:00+00:00,243.3699951171875,192.19000244140625,143.5399932861328
2025-01-03 15:15:00+00:00,243.2899932861328,192.26060485839844,143.6199951171875
2025-01-03 15:16:00+00:00,243.2100067138672,192.1300048828125,143.60000610351562
2025-01-03 15:17:00+00:00,243.02999877929688,191.99000549316406,143.30999755859375
2025-01-03 15:18:00+00:00,243.12139892578125,191.91000366210938,143.27000427246094
2025-01-03 15:19:00+00:00,243.05999755859375,192.0399932861328,143.4530029296875
2025-01-03 15:20:00+00:00,242.57000732421875,191.45159912109375,143.13999938964844
2025-01-03 15:21:00+00:00,242.5850067138672,191.60000610351562,142.72000122070312
2025-01-03 15:22:00+00:00,242.75,191.74000549316406,142.83799743652344
2025-01-03 15:23:00+00:00,242.72999572753906,191.7100067138672,142.9149932861328
2025-01-03 15:24:00+00:00,242.8000030517578,191.9199981689453,143.00990295410156
2025-01-03 15:25:00+00:00,242.7899932861328,191.9947052001953,143.07000732421875
2025-01-03 15:26:00+00:00,242.52499389648438,191.92999267578125,143.32000732421875
2025-01-03 15:27:00+00:00,242.52999877929688,192.07119750976562,143.08999633789062
2025-01-03 15:28:00+00:00,242.49000549316406,192.32000732421875,143.16000366210938
2025-01-03 15:29:00+00:00,242.4597930908203,192.06500244140625,143.11270141601562
2025-01-03 15:30:00+00:00,242.4403076171875,192.264404296875,142.97999572753906
2025-01-03 15:31:00+00:00,242.52999877929688,192.10000610351562,142.875
2025-01-03 15:32:00+00:00,242.50999450683594,192.18499755859375,142.92759704589844
2025-01-03 15:33:00+00:00,242.56500244140625,192.25,143.22000122070312
2025-01-03 15:34:00+00:00,242.5,192.30999755859375,143.16000366210938
2025-01-03 15:35:00+00:00,242.66839599609375,192.49020385742188,143.24110412597656
2025-01-03 15:36:00+00:00,242.66439819335938,192.5500030517578,143.4499969482422
2025-01-03 15:37:00+00:00,242.59500122070312,192.32000732421875,143.25
2025-01-03 15:38:00+00:00,242.47000122070312,192.0399932861328,143.1898956298828
2025-01-03 15:39:00+00:00,242.5,192.1199951171875,143.10499572753906
2025-01-03 15:40:00+00:00,242.62449645996094,192.25469970703125,143.01499938964844
2025-01-03 15:41:00+00:00,242.4720001220703,192.3300018310547,143.1591033935547
2025-01-03 15:42:00+00:00,242.5500030517578,192.3350067138672,143.45989990234375
2025-01-03 15:43:00+00:00,242.57000732421875,192.4250030517578,143.49989318847656
2025-01-03 15:44:00+00:00,242.83999633789062,192.45950317382812,143.3289031982422
2025-01-03 15:45:00+00:00,243.11000061035156,192.38999938964844,143.5500030517578
2025-01-03 15:46:00+00:00,243.1300048828125,192.38999938964844,143.3300018310547
2025-01-03 15:47:00+00:00,243.11000061035156,192.39999389648438,143.1699981689453
2025-01-03 15:48:00+00:00,243.02999877929688,192.30999755859375,143.17010498046875
2025-01-03 15:49:00+00:00,243.00999450683594,192.35519409179688,143.2259979248047
2025-01-03 15:50:00+00:00,242.90750122070312,192.23500061035156,143.12269592285156
2025-01-03 15:51:00+00:00,242.8000030517578,192.0800018310547,143.1300048828125
2025-01-03 15:52:00+00:00,242.9429931640625,192.24000549316406,143.17999267578125
2025-01-03 15:53:00+00:00,242.85000610351562,192.08999633789062,143.07760620117188
2025-01-03 15:54:00+00:00,242.9499969482422,192.0050048828125,142.9199981689453
2025-01-03 15:55:00+00:00,242.97999572753906,192.00999450683594,142.9499969482422
2025-01-03 15:56:00+00:00,243.14010620117188,192.2899932861328,143.06900024414062
2025-01-03 15:57:00+00:00,243.1300048828125,192.13999938964844,142.98500061035156
2025-01-03 15:58:00+00:00,243.0850067138672,192.1999969482422,143.24000549316406
2025-01-03 15:59:00+00:00,243.00750732421875,192.0800018310547,143.1999969482422
2025-01-03 16:00:00+00:00,243.00999450683594,192.22999572753906,143.18429565429688
2025-01-03 16:01:00+00:00,243.14999389648438,191.97000122070312,143.13009643554688
2025-01-03 16:02:00+00:00,243.3350067138672,192.15199279785156,143.3939971923828
2025-01-03 16:03:00+00:00,243.47239685058594,192.36000061035156,143.4857940673828
2025-01-03 16:04:00+00:00,243.52499389648438,192.32000732421875,143.43600463867188
2025-01-03 16:05:00+00:00,243.42649841308594,192.1300048828125,143.25999450683594
2025-01-03 16:06:00+00:00,243.32000732421875,192.11000061035156,143.09010314941406
2025-01-03 16:07:00+00:00,243.18499755859375,192.00999450683594,143.00999450683594
2025-01-03 16:08:00+00:00,242.9499969482422,191.85000610351562,142.9174041748047
2025-01-03 16:09:00+00:00,242.87379455566406,191.7624053955078,142.87890625
2025-01-03 16:10:00+00:00,242.77000427246094,191.67010498046875,142.83999633789062
2025-01-03 16:11:00+00:00,242.86000061035156,191.75999450683594,142.9499969482422
2025-01-03 16:12:00+00:00,243.08999633789062,191.9499969482422,142.860107421875
2025-01-03 16:13:00+00:00,243.1750030517578,192.0050048828125,142.82009887695312
2025-01-03 16:14:00+00:00,243.22500610351562,191.9499969482422,142.97500610351562
2025-01-03 16:15:00+00:00,243.2908935546875,191.92999267578125,142.97799682617188
2025-01-03 16:16:00+00:00,243.27999877929688,191.89999389648438,143.14999389648438
2025-01-03 16:17:00+00:00,243.22999572753906,191.83999633789062,143.02000427246094
2025-01-03 16:18:00+00:00,243.29150390625,191.83619689941406,142.94000244140625
2025-01-03 16:19:00+00:00,243.32000732421875,192.0050048828125,143.10459899902344
2025-01-03 16:20:00+00:00,243.39500427246094,191.9499969482422,143.125
2025-01-03 16:21:00+00:00,243.60499572753906,192.14500427246094,143.3419952392578
2025-01-03 16:22:00+00:00,243.50909423828125,191.9499969482422,143.25999450683594
2025-01-03 16:23:00+00:00,243.59500122070312,191.97999572753906,143.2449951171875
2025-01-03 16:24:00+00:00,243.4199981689453,192.10000610351562,143.27540588378906
2025-01-03 16:25:00+00:00,243.47019958496094,192.05999755859375,143.375
2025-01-03 16:26:00+00:00,243.4799041748047,192.21730041503906,143.2899932861328
2025-01-03 16:27:00+00:00,243.5500030517578,192.3699951171875,143.42999267578125
2025-01-03 16:28:00+00:00,243.50999450683594,192.33999633789062,143.4062957763672
2025-01-03 16:29:00+00:00,243.49000549316406,192.3798065185547,143.46009826660156
2025-01-03 16:30:00+00:00,243.6280059814453,192.5,143.47000122070312
2025-01-03 16:31:00+00:00,243.52780151367188,192.4582977294922,143.2698974609375
2025-01-03 16:32:00+00:00,243.6199951171875,192.51499938964844,143.3800048828125
2025-01-03 16:33:00+00:00,243.47000122070312,192.5800018310547,143.42999267578125
2025-01-03 16:34:00+00:00,243.5207061767578,192.72000122070312,143.48989868164062
2025-01-03 16:35:00+00:00,243.52000427246094,192.74000549316406,143.46530151367188
2025-01-03 16:36:00+00:00,243.7053985595703,193.0,143.63999938964844
2025-01-03 16:37:00+00:00,243.75999450683594,193.00999450683594,143.6750030517578
2025-01-03 16:38:00+00:00,243.85000610351562,193.0399932861328,143.6699981689453
2025-01-03 16:39:00+00:00,243.85000610351562,193.11000061035156,143.6840057373047
2025-01-03 16:40:00+00:00,244.0,193.14999389648438,143.70010375976562
2025-01-03 16:41:00+00:00,243.9149932861328,193.14999389648438,143.72000122070312
2025-01-03 16:42:00+00:00,243.881103515625,193.3300018310547,143.74000549316406
2025-01-03 16:43:00+00:00,243.86000061035156,193.2899932861328,143.81500244140625
2025-01-03 16:44:00+00:00,243.7949981689453,193.27999877929688,143.7949981689453
2025-01-03 16:45:00+00:00,243.6750030517578,193.36000061035156,143.860107421875
2025-01-03 16:46:00+00:00,243.69000244140625,193.32000732421875,143.97999572753906
2025-01-03 16:47:00+00:00,243.6699981689453,193.36000061035156,143.9300994873047
2025-01-03 16:48:00+00:00,243.70140075683594,193.33990478515625,143.97000122070312
2025-01-03 16:49:00+00:00,243.6699981689453,193.43499755859375,143.90499877929688
2025-01-03 16:50:00+00:00,243.8300018310547,193.57020568847656,143.93539428710938
2025-01-03 16:51:00+00:00,243.64999389648438,193.65499877929688,143.87969970703125
2025-01-03 16:52:00+00:00,243.8249969482422,193.6699981689453,143.9199981689453
2025-01-03 16:53:00+00:00,243.70460510253906,193.74560546875,143.9322052001953
2025-01-03 16:54:00+00:00,243.7100067138672,193.74000549316406,143.93499755859375
2025-01-03 16:55:00+00:00,243.63999938964844,193.55999755859375,143.91009521484375
2025-01-03 16:56:00+00:00,243.5529022216797,193.6199951171875,143.9075927734375
2025-01-03 16:57:00+00:00,243.6199951171875,193.625,143.85009765625
2025-01-03 16:58:00+00:00,243.57000732421875,193.48199462890625,143.97999572753906
2025-01-03 16:59:00+00:00,243.32009887695312,193.35870361328125,143.87030029296875
2025-01-03 17:00:00+00:00,243.38999938964844,193.4434051513672,143.95460510253906
2025-01-03 17:01:00+00:00,243.4949951171875,193.5500030517578,144.0449981689453
2025-01-03 17:02:00+00:00,243.32000732421875,193.47999572753906,144.0
2025-01-03 17:03:00+00:00,243.22999572753906,193.58999633789062,144.06199645996094
2025-01-03 17:04:00+00:00,243.15769958496094,193.5904998779297,144.02000427246094
2025-01-03 17:05:00+00:00,243.16299438476562,193.67999267578125,143.91009521484375
2025-01-03 17:06:00+00:00,243.14999389648438,193.7100067138672,143.98500061035156
2025-01-03 17:07:00+00:00,243.02000427246094,193.55999755859375,143.90499877929688
2025-01-03 17:08:00+00:00,242.9949951171875,193.60000610351562,143.81399536132812
2025-01-03 17:09:00+00:00,242.91650390625,193.52000427246094,143.79989624023438
2025-01-03 17:10:00+00:00,242.91799926757812,193.56199645996094,143.91000366210938
2025-01-03 17:11:00+00:00,242.9199981689453,193.48080444335938,143.90809631347656
2025-01-03 17:12:00+00:00,242.86199951171875,193.39999389648438,143.77499389648438
2025-01-03 17:13:00+00:00,242.86000061035156,193.52999877929688,143.75900268554688
2025-01-03 17:14:00+00:00,242.7760009765625,193.3800048828125,143.72000122070312
2025-01-03 17:15:00+00:00,242.9407958984375,193.4875946044922,143.8800048828125
2025-01-03 17:16:00+00:00,242.9510955810547,193.44920349121094,143.9250030517578
2025-01-03 17:17:00+00:00,242.83999633789062,193.3800048828125,143.8957061767578
2025-01-03 17:18:00+00:00,242.83189392089844,193.3009033203125,143.91000366210938
2025-01-03 17:19:00+00:00,242.71240234375,193.2100067138672,143.7790985107422
2025-01-03 17:20:00+00:00,242.75,193.18539428710938,143.78460693359375
2025-01-03 17:21:00+00:00,242.77000427246094,193.3350067138672,143.77000427246094
2025-01-03 17:22:00+00:00,242.80999755859375,193.42019653320312,143.79010009765625
2025-01-03 17:23:00+00:00,242.86500549316406,193.46139526367188,143.82000732421875
2025-01-03 17:24:00+00:00,242.85000610351562,193.4600067138672,143.85850524902344
2025-01-03 17:25:00+00:00,242.92239379882812,193.47000122070312,143.96580505371094
2025-01-03 17:26:00+00:00,242.875,193.52000427246094,143.91000366210938
2025-01-03 17:27:00+00:00,242.85110473632812,193.38499450683594,143.83999633789062
2025-01-03 17:28:00+00:00,242.85000610351562,193.32000732421875,143.75010681152344
2025-01-03 17:29:00+00:00,242.7707061767578,193.24380493164062,143.6802978515625
2025-01-03 17:30:00+00:00,242.8000030517578,193.18649291992188,143.74899291992188
2025-01-03 17:31:00+00:00,242.80979919433594,193.22999572753906,143.7375946044922
2025-01-03 17:32:00+00:00,242.66299438476562,193.02059936523438,143.64500427246094
2025-01-03 17:33:00+00:00,242.75230407714844,193.2100067138672,143.77000427246094
2025-01-03 17:34:00+00:00,242.74000549316406,193.2716064453125,143.75
2025-01-03 17:35:00+00:00,242.71839904785156,193.17689514160156,143.8092041015625
2025-01-03 17:36:00+00:00,242.6313018798828,193.27969360351562,143.81199645996094
2025-01-03 17:37:00+00:00,242.6699981689453,193.26620483398438,143.85220336914062
2025-01-03 17:38:00+00:00,242.58999633789062,193.21499633789062,143.83599853515625
2025-01-03 17:39:00+00:00,242.639404296875,193.24530029296875,143.91940307617188
2025-01-03 17:40:00+00:00,242.6875,193.29600524902344,143.9949951171875
2025-01-03 17:41:00+00:00,242.61000061035156,193.1999969482422,143.99099731445312
2025-01-03 17:42:00+00:00,242.63999938964844,193.10000610351562,144.08999633789062
2025-01-03 17:43:00+00:00,242.60499572753906,193.07009887695312,144.05999755859375
2025-01-03 17:44:00+00:00,242.6490020751953,193.05999755859375,144.14779663085938
2025-01-03 17:45:00+00:00,242.60499572753906,193.11000061035156,144.16000366210938
2025-01-03 17:46:00+00:00,242.7050018310547,193.08999633789062,144.14500427246094
2025-01-03 17:47:00+00:00,242.625,193.0800018310547,144.13499450683594
2025-01-03 17:48:00+00:00,242.49000549316406,193.08999633789062,144.1699981689453
2025-01-03 17:49:00+00:00,242.46499633789062,193.1300048828125,144.34109497070312
2025-01-03 17:50:00+00:00,242.5207977294922,193.148193359375,144.38009643554688
2025-01-03 17:51:00+00:00,242.49240112304688,193.2449951171875,144.4604034423828
2025-01-03 17:52:00+00:00,242.5240020751953,193.25999450683594,144.49000549316406
2025-01-03 17:53:00+00:00,242.52999877929688,193.36000061035156,144.625
2025-01-03 17:54:00+00:00,242.4311065673828,193.30380249023438,144.58999633789062
2025-01-03 17:55:00+00:00,242.42919921875,193.24009704589844,144.64500427246094
2025-01-03 17:56:00+00:00,242.4709930419922,193.22000122070312,144.49000549316406
2025-01-03 17:57:00+00:00,242.47140502929688,193.2899932861328,144.5531005859375
2025-01-03 17:58:00+00:00,242.52999877929688,193.27000427246094,144.59620666503906
2025-01-03 17:59:00+00:00,242.5279998779297,193.25999450683594,144.62759399414062
2025-01-03 18:00:00+00:00,242.47999572753906,193.2100067138672,144.60899353027344
2025-01-03 18:01:00+00:00,242.4199981689453,193.10000610351562,144.34500122070312
2025-01-03 18:02:00+00:00,242.375,193.25,144.44000244140625
2025-01-03 18:03:00+00:00,242.32009887695312,193.22999572753906,144.36500549316406
2025-01-03 18:04:00+00:00,242.44500732421875,193.25,144.4199981689453
2025-01-03 18:05:00+00:00,242.5500030517578,193.3112030029297,144.52499389648438
2025-01-03 18:06:00+00:00,242.55799865722656,193.3300018310547,144.52999877929688
2025-01-03 18:07:00+00:00,242.5500030517578,193.32000732421875,144.59500122070312
2025-01-03 18:08:00+00:00,242.57000732421875,193.3000030517578,144.6199951171875
2025-01-03 18:09:00+00:00,242.64999389648438,193.24000549316406,144.6959991455078
2025-01-03 18:10:00+00:00,242.63079833984375,193.24000549316406,144.68499755859375
2025-01-03 18:11:00+00:00,242.72000122070312,193.19000244140625,144.56500244140625
2025-01-03 18:12:00+00:00,242.80999755859375,193.2050018310547,144.47999572753906
2025-01-03 18:13:00+00:00,242.88909912109375,193.27090454101562,144.60499572753906
2025-01-03 18:14:00+00:00,242.74310302734375,193.31039428710938,144.6269073486328
2025-01-03 18:15:00+00:00,242.8699951171875,193.3354949951172,144.4499969482422
2025-01-03 18:16:00+00:00,242.89010620117188,193.42999267578125,144.33590698242188
2025-01-03 18:17:00+00:00,243.08999633789062,193.47000122070312,144.18850708007812
2025-01-03 18:18:00+00:00,243.13299560546875,193.5500030517578,144.19000244140625
2025-01-03 18:19:00+00:00,243.11000061035156,193.57000732421875,144.25869750976562
2025-01-03 18:20:00+00:00,242.98989868164062,193.58389282226562,144.3585968017578
2025-01-03 18:21:00+00:00,242.97500610351562,193.61000061035156,144.28500366210938
2025-01-03 18:22:00+00:00,243.03140258789062,193.5800018310547,144.2086944580078
2025-01-03 18:23:00+00:00,242.97999572753906,193.5500030517578,144.17999267578125
2025-01-03 18:24:00+00:00,242.89500427246094,193.55349731445312,144.2053985595703
2025-01-03 18:25:00+00:00,242.86500549316406,193.5749969482422,144.30499267578125
2025-01-03 18:26:00+00:00,242.7711944580078,193.5850067138672,144.32000732421875
2025-01-03 18:27:00+00:00,242.8300018310547,193.5500030517578,144.36439514160156
2025-01-03 18:28:00+00:00,242.89500427246094,193.58999633789062,144.44000244140625
2025-01-03 18:29:00+00:00,243.00999450683594,193.66000366210938,144.49530029296875
2025-01-03 18:30:00+00:00,243.0399932861328,193.66000366210938,144.5511016845703
2025-01-03 18:31:00+00:00,243.03500366210938,193.69000244140625,144.63999938964844
2025-01-03 18:32:00+00:00,242.94000244140625,193.64999389648438,144.60000610351562
2025-01-03 18:33:00+00:00,242.73330688476562,193.47999572753906,144.5601043701172
2025-01-03 18:34:00+00:00,242.6699981689453,193.4149932861328,144.69540405273438
2025-01-03 18:35:00+00:00,242.76400756835938,193.4600067138672,144.84829711914062
2025-01-03 18:36:00+00:00,242.75999450683594,193.50010681152344,144.8459930419922
2025-01-03 18:37:00+00:00,242.75999450683594,193.51019287109375,144.81190490722656
2025-01-03 18:38:00+00:00,242.75,193.58599853515625,144.72470092773438
2025-01-03 18:39:00+00:00,242.83580017089844,193.6824951171875,144.76919555664062
2025-01-03 18:40:00+00:00,242.81500244140625,193.60000610351562,144.80880737304688
2025-01-03 18:41:00+00:00,242.95950317382812,193.6300048828125,144.8572998046875
2025-01-03 18:42:00+00:00,242.8800048828125,193.5399932861328,144.74400329589844
2025-01-03 18:43:00+00:00,243.0,193.61000061035156,144.6300048828125
2025-01-03 18:44:00+00:00,243.0500030517578,193.60009765625,144.66400146484375
2025-01-03 18:45:00+00:00,243.03860473632812,193.64610290527344,144.6501007080078
2025-01-03 18:46:00+00:00,242.9095001220703,193.4929962158203,144.64739990234375
2025-01-03 18:47:00+00:00,242.8800048828125,193.5780029296875,144.48989868164062
2025-01-03 18:48:00+00:00,242.9001007080078,193.5811004638672,144.44500732421875
2025-01-03 18:49:00+00:00,242.86000061035156,193.52000427246094,144.36500549316406
2025-01-03 18:50:00+00:00,242.8000030517578,193.49000549316406,144.1750030517578
2025-01-03 18:51:00+00:00,242.8000030517578,193.5063018798828,144.1699981689453
2025-01-03 18:52:00+00:00,242.75999450683594,193.52000427246094,144.17030334472656
2025-01-03 18:53:00+00:00,242.860107421875,193.64500427246094,144.2487030029297
2025-01-03 18:54:00+00:00,242.86000061035156,193.6300048828125,144.49000549316406
2025-01-03 18:55:00+00:00,242.8302001953125,193.6999969482422,144.41000366210938
2025-01-03 18:56:00+00:00,242.84300231933594,193.66000366210938,144.34539794921875
2025-01-03 18:57:00+00:00,242.90499877929688,193.66000366210938,144.33599853515625
2025-01-03 18:58:00+00:00,242.90139770507812,193.58999633789062,144.2449951171875
2025-01-03 18:59:00+00:00,242.72000122070312,193.3000030517578,144.06849670410156
2025-01-03 19:00:00+00:00,242.7899932861328,193.3699951171875,144.06500244140625
2025-01-03 19:01:00+00:00,242.83999633789062,193.50999450683594,144.0500030517578
2025-01-03 19:02:00+00:00,242.8800048828125,193.5200958251953,144.11090087890625
2025-01-03 19:03:00+00:00,242.89999389648438,193.52999877929688,144.07000732421875
2025-01-03 19:04:00+00:00,242.88999938964844,193.52999877929688,144.13499450683594
2025-01-03 19:05:00+00:00,242.88600158691406,193.5,144.46499633789062
2025-01-03 19:06:00+00:00,242.88999938964844,193.47000122070312,144.52000427246094
2025-01-03 19:07:00+00:00,242.89999389648438,193.55999755859375,144.47999572753906
2025-01-03 19:08:00+00:00,242.90989685058594,193.52999877929688,144.4810028076172
2025-01-03 19:09:00+00:00,242.93499755859375,193.6230926513672,144.45640563964844
2025-01-03 19:10:00+00:00,242.89999389648438,193.5800018310547,144.5457000732422
2025-01-03 19:11:00+00:00,242.89999389648438,193.62989807128906,144.4250030517578
2025-01-03 19:12:00+00:00,242.83999633789062,193.59010314941406,144.5050048828125
2025-01-03 19:13:00+00:00,242.88589477539062,193.63999938964844,144.70919799804688
2025-01-03 19:14:00+00:00,242.8699951171875,193.63999938964844,144.53909301757812
2025-01-03 19:15:00+00:00,242.81809997558594,193.5800018310547,144.49000549316406
2025-01-03 19:16:00+00:00,242.7949981689453,193.60000610351562,144.38999938964844
2025-01-03 19:17:00+00:00,242.85000610351562,193.6699981689453,144.43020629882812
2025-01-03 19:18:00+00:00,242.8000030517578,193.5399932861328,144.25599670410156
2025-01-03 19:19:00+00:00,242.85000610351562,193.63999938964844,144.34500122070312
2025-01-03 19:20:00+00:00,242.8300018310547,193.5050048828125,144.3135986328125
2025-01-03 19:21:00+00:00,242.75999450683594,193.4600067138672,144.3249969482422
2025-01-03 19:22:00+00:00,242.79010009765625,193.49020385742188,144.2899932861328
2025-01-03 19:23:00+00:00,242.8000030517578,193.47999572753906,144.27499389648438
2025-01-03 19:24:00+00:00,242.74000549316406,193.5,144.16000366210938
2025-01-03 19:25:00+00:00,242.69000244140625,193.4622039794922,144.1750030517578
2025-01-03 19:26:00+00:00,242.74070739746094,193.4600067138672,144.2259979248047
2025-01-03 19:27:00+00:00,242.7176055908203,193.50999450683594,144.3000030517578
2025-01-03 19:28:00+00:00,242.75999450683594,193.50999450683594,144.28500366210938
2025-01-03 19:29:00+00:00,242.6699981689453,193.5968017578125,144.37100219726562
2025-01-03 19:30:00+00:00,242.69000244140625,193.5399932861328,144.1999969482422
2025-01-03 19:31:00+00:00,242.7050018310547,193.52999877929688,144.17010498046875
2025-01-03 19:32:00+00:00,242.75999450683594,193.55499267578125,144.15020751953125
2025-01-03 19:33:00+00:00,242.74000549316406,193.57000732421875,144.1999969482422
2025-01-03 19:34:00+00:00,242.82000732421875,193.6300048828125,144.1634979248047
2025-01-03 19:35:00+00:00,242.7899932861328,193.60000610351562,144.1649932861328
2025-01-03 19:36:00+00:00,242.85000610351562,193.6999969482422,144.2050018310547
2025-01-03 19:37:00+00:00,242.8800048828125,193.6699981689453,144.3988037109375
2025-01-03 19:38:00+00:00,242.8946075439453,193.75999450683594,144.5050048828125
2025-01-03 19:39:00+00:00,243.02920532226562,193.90499877929688,144.53990173339844
2025-01-03 19:40:00+00:00,243.03500366210938,193.92999267578125,144.37139892578125
2025-01-03 19:41:00+00:00,243.1300048828125,193.94500732421875,144.46499633789062
2025-01-03 19:42:00+00:00,243.22079467773438,193.9600067138672,144.43499755859375
2025-01-03 19:43:00+00:00,243.2801055908203,193.85009765625,144.3762969970703
2025-01-03 19:44:00+00:00,243.2873992919922,193.8300018310547,144.2550048828125
2025-01-03 19:45:00+00:00,243.39999389648438,193.89500427246094,144.25999450683594
2025-01-03 19:46:00+00:00,243.38999938964844,193.88999938964844,144.35499572753906
2025-01-03 19:47:00+00:00,243.23599243164062,193.72999572753906,144.29200744628906
2025-01-03 19:48:00+00:00,243.38999938964844,193.7949981689453,144.3159942626953
2025-01-03 19:49:00+00:00,243.3990020751953,193.77000427246094,144.3699951171875
2025-01-03 19:50:00+00:00,243.32000732421875,193.74000549316406,144.41000366210938
2025-01-03 19:51:00+00:00,243.19070434570312,193.710693359375,144.30999755859375
2025-01-03 19:52:00+00:00,243.0800018310547,193.66769409179688,144.24000549316406
2025-01-03 19:53:00+00:00,243.11000061035156,193.69000244140625,144.27000427246094
2025-01-03 19:54:00+00:00,243.14480590820312,193.67999267578125,144.3455047607422
2025-01-03 19:55:00+00:00,243.1497039794922,193.63999938964844,144.2899932861328
2025-01-03 19:56:00+00:00,243.24000549316406,193.61900329589844,144.3699951171875
2025-01-03 19:57:00+00:00,243.21099853515625,193.69000244140625,144.4199981689453
2025-01-03 19:58:00+00:00,243.25100708007812,193.61000061035156,144.44500732421875
2025-01-03 19:59:00+00:00,243.25999450683594,193.61099243164062,144.41990661621094
2025-01-03 20:00:00+00:00,243.1699981689453,193.51019287109375,144.26100158691406
2025-01-03 20:01:00+00:00,243.0,193.4499969482422,144.16900634765625
2025-01-03 20:02:00+00:00,242.99000549316406,193.50999450683594,144.26499938964844
2025-01-03 20:03:00+00:00,242.94000244140625,193.47000122070312,144.1999969482422
2025-01-03 20:04:00+00:00,242.9149932861328,193.3800048828125,144.17999267578125
2025-01-03 20:05:00+00:00,242.95779418945312,193.35000610351562,144.06399536132812
2025-01-03 20:06:00+00:00,242.95579528808594,193.38999938964844,144.24569702148438
2025-01-03 20:07:00+00:00,242.96890258789062,193.4741973876953,144.3253936767578
2025-01-03 20:08:00+00:00,242.94000244140625,193.5,144.3699951171875
2025-01-03 20:09:00+00:00,242.97999572753906,193.5,144.28500366210938
2025-01-03 20:10:00+00:00,243.00999450683594,193.5399932861328,144.26089477539062
2025-01-03 20:11:00+00:00,242.98500061035156,193.41000366210938,144.08599853515625
2025-01-03 20:12:00+00:00,242.91000366210938,193.39999389648438,144.08999633789062
2025-01-03 20:13:00+00:00,242.85899353027344,193.38999938964844,144.15499877929688
2025-01-03 20:14:00+00:00,242.90499877929688,193.38999938964844,144.3300018310547
2025-01-03 20:15:00+00:00,242.8968963623047,193.33200073242188,144.25999450683594
2025-01-03 20:16:00+00:00,242.88999938964844,193.3699951171875,144.18060302734375
2025-01-03 20:17:00+00:00,242.83999633789062,193.38999938964844,144.3166046142578
2025-01-03 20:18:00+00:00,242.85000610351562,193.41000366210938,144.47999572753906
2025-01-03 20:19:00+00:00,242.90199279785156,193.38999938964844,144.35240173339844
2025-01-03 20:20:00+00:00,242.95750427246094,193.35000610351562,144.23989868164062
2025-01-03 20:21:00+00:00,242.97999572753906,193.35000610351562,144.2100067138672
2025-01-03 20:22:00+00:00,242.97000122070312,193.4207000732422,144.3350067138672
2025-01-03 20:23:00+00:00,242.9199981689453,193.3800048828125,144.2700958251953
2025-01-03 20:24:00+00:00,242.88890075683594,193.38999938964844,144.24000549316406
2025-01-03 20:25:00+00:00,242.88999938964844,193.36000061035156,144.2899932861328
2025-01-03 20:26:00+00:00,242.85800170898438,193.25,144.21499633789062
2025-01-03 20:27:00+00:00,242.89349365234375,193.3842010498047,144.25
2025-01-03 20:28:00+00:00,242.8699951171875,193.43890380859375,144.27999877929688
2025-01-03 20:29:00+00:00,242.85000610351562,193.39999389648438,144.32000732421875
2025-01-03 20:30:00+00:00,242.75999450683594,193.3000030517578,144.1544952392578
2025-01-03 20:31:00+00:00,242.77499389648438,193.3000030517578,144.15499877929688
2025-01-03 20:32:00+00:00,242.77499389648438,193.25,144.14999389648438
2025-01-03 20:33:00+00:00,242.67999267578125,193.17999267578125,144.10899353027344
2025-01-03 20:34:00+00:00,242.75999450683594,193.19000244140625,144.14500427246094
2025-01-03 20:35:00+00:00,242.73500061035156,193.24000549316406,144.1649932861328
2025-01-03 20:36:00+00:00,242.74000549316406,193.2904052734375,144.3000030517578
2025-01-03 20:37:00+00:00,242.73500061035156,193.33999633789062,144.34500122070312
2025-01-03 20:38:00+00:00,242.6199951171875,193.25,144.4600067138672
2025-01-03 20:39:00+00:00,242.74000549316406,193.27999877929688,144.45010375976562
2025-01-03 20:40:00+00:00,242.72000122070312,193.22999572753906,144.37010192871094
2025-01-03 20:41:00+00:00,242.67999267578125,193.1750030517578,144.41000366210938
2025-01-03 20:42:00+00:00,242.7689971923828,193.1699981689453,144.3748016357422
2025-01-03 20:43:00+00:00,242.75999450683594,193.13999938964844,144.34530639648438
2025-01-03 20:44:00+00:00,242.88999938964844,193.1199951171875,144.3800048828125
2025-01-03 20:45:00+00:00,242.90499877929688,193.0500030517578,144.52499389648438
2025-01-03 20:46:00+00:00,243.02000427246094,193.125,144.57000732421875
2025-01-03 20:47:00+00:00,243.0399932861328,193.07000732421875,144.3800048828125
2025-01-03 20:48:00+00:00,242.8000030517578,192.9499969482422,144.42840576171875
2025-01-03 20:49:00+00:00,242.78500366210938,193.00999450683594,144.3583984375
2025-01-03 20:50:00+00:00,242.75999450683594,192.875,144.25
2025-01-03 20:51:00+00:00,242.74000549316406,192.80999755859375,144.27999877929688
2025-01-03 20:52:00+00:00,242.85499572753906,192.86019897460938,144.3699951171875
2025-01-03 20:53:00+00:00,242.6699981689453,192.74000549316406,144.351806640625
2025-01-03 20:54:00+00:00,242.92999267578125,193.07000732421875,144.49130249023438
2025-01-03 20:55:00+00:00,243.1699981689453,193.1999969482422,144.3300018310547
2025-01-03 20:56:00+00:00,243.21499633789062,193.16000366210938,144.41180419921875
2025-01-03 20:57:00+00:00,243.3000030517578,193.0850067138672,144.44000244140625
2025-01-03 20:58:00+00:00,243.33999633789062,193.0449981689453,144.46600341796875
2025-01-03 20:59:00+00:00,243.3000030517578,193.0500030517578,144.58999633789062
